user_id,FA-Score,AE-Score,PU-Score,RW-Score,UES-Score
dce9a213-82cf-49e3-b209-6d3e9be5b964,2.33,3.0,3.67,3.0,3.0
89183017-3e13-4660-b81d-19b193533f87,4.67,5.0,4.67,4.67,4.75
8c3fc22c-4fe4-4fca-a34f-d271fbace09b,3.67,3.67,5.0,4.33,4.17
caf711b5-2061-4b97-adc2-c7f8238aefdc,4.0,4.0,3.0,5.0,4.0
e14ec5a0-e14a-4fa9-8264-7cbde6cbc2ad,4.33,4.33,5.0,5.0,4.66
43796b89-de58-455f-9e20-21c44e16469f,1.0,1.0,2.33,2.33,1.66
173d7d29-33b2-4ffe-b541-e7739073533d,5.0,1.0,2.33,2.33,2.66
4909fb8f-a289-4aaa-a7d1-e8fef077ec9e,2.67,3.67,2.0,3.67,3.0
6e3d37b2-ad2d-4dd7-bf4f-cb7387001642,4.33,4.33,4.67,5.0,4.58
a5e53f3b-ad77-428f-bfbf-52feb4abf3f6,4.0,4.33,4.0,5.0,4.33
6c16f363-f550-44ba-8049-7e76e6fc795b,4.67,5.0,4.67,5.0,4.84
e3da0af5-9676-4173-af90-f0185778c6ff,4.67,5.0,5.0,5.0,4.92
fb57c7e0-11fe-4014-b274-6fafbbf88469,3.67,3.67,2.67,4.67,3.67
39b18ee9-2410-430f-869e-e16b58d3b22b,4.0,4.0,3.0,4.0,3.75
eefee5a1-fe6a-45a5-b85c-32f13156c5d4,4.67,5.0,5.0,5.0,4.92
92c73d1d-0c60-4016-96df-7fe074e5c784,4.33,5.0,5.0,4.67,4.75
9319bc21-4a28-436b-972e-c0a3ee8aa5c2,2.0,4.0,4.67,4.33,3.75
022d250f-f709-400f-9e82-60d5dc757b83,5.0,5.0,5.0,5.0,5.0
452940c2-1ce1-4850-812a-19278d759d22,4.33,5.0,5.0,5.0,4.83
0d6870f5-d3e8-4c46-90de-4a65e9fe0f23,5.0,5.0,5.0,5.0,5.0
25af2fca-dadd-4640-ae3d-17d62031743e,5.0,4.67,5.0,4.67,4.84
592abd6a-ef29-4ad9-b93c-2b69bdb81236,3.0,3.67,4.0,4.33,3.75
04f4264b-6341-45d9-8ffc-47f8e1eb8731,1.67,3.0,4.0,4.0,3.17
23cc43f1-d78a-499c-a39d-24102ff0c8d1,1.67,3.67,5.0,4.33,3.67
4c49de36-8c7c-4119-aa6f-e2f4fd97a492,1.0,1.0,3.67,1.0,1.67
2f98b9c0-2f7c-4b82-a1f5-6762478960de,4.67,4.0,4.33,4.0,4.25
57575466-6e5f-4aa3-8769-ccdde3888df8,1.67,1.33,2.67,1.33,1.75
2b1eacd7-776e-4217-9709-4aadea9b453b,2.67,3.67,3.0,3.33,3.17
927b63d9-8021-4847-ae6f-4229783657b0,4.0,3.0,2.67,3.0,3.17
1b33983e-ef50-4711-8749-02cee11fa1df,5.0,5.0,4.67,5.0,4.92
b6662cb5-4458-43b9-8add-2e058335ad30,1.0,3.0,3.0,3.0,2.5
960db6e9-3a04-4710-accd-1af645d7d98f,3.0,4.0,3.33,4.67,3.75
216e09f4-2a96-4609-ac7d-b3e80692ef8a,3.67,3.0,5.0,3.67,3.84
9d423322-8459-4391-9a64-6bf32778f4f0,3.0,3.67,4.67,3.67,3.75
bff8f4a4-d6c5-471f-90f8-468d2626fb9e,3.67,3.0,4.33,4.67,3.92
1100ba1c-b549-4f11-a369-5eb916e11249,5.0,5.0,4.67,5.0,4.92
be4cae48-1030-4e42-8a82-91b5de267620,3.0,4.0,5.0,4.0,4.0
1b0d4b43-d771-4a5d-9a1a-5a6dfbe1dcb4,3.67,4.67,4.0,4.33,4.17
e4bdc59c-df09-4abd-b26e-483f0d0e29d0,3.67,4.67,5.0,5.0,4.58
4c41ecb0-0a74-4c7d-b56e-68cb01f988f7,3.0,3.67,3.33,4.0,3.5
6b951a55-6572-4028-b7d7-5f0bf1fa0fb4,3.33,3.67,3.33,3.67,3.5
bb6d381b-0182-4770-a73a-75a88b9a1d02,4.33,4.0,5.0,5.0,4.58
483f0fba-2deb-45c3-9cf1-fd407a31ea97,3.67,3.0,3.33,3.33,3.33
8d141a36-e461-47bb-904c-3603604f1937,1.33,2.0,2.67,1.67,1.92
cf37b95d-6616-4893-87a8-c5e471932e39,3.0,3.33,5.0,3.67,3.75
dba7e682-58f6-42ec-bcdd-ab0d8e210d20,3.0,3.33,4.67,3.33,3.58
375cca22-1498-463a-ba40-1b180f1d2eab,3.67,5.0,4.67,4.67,4.5
474c532e-dc2b-4fe2-bc93-c1b74acc92d9,3.33,4.33,5.0,5.0,4.42
fab1d94e-5eb7-463d-be4c-e265f6eb2d87,1.67,1.67,3.0,2.0,2.08
32f5154a-840d-4004-ab51-a3f2c6f5f312,4.0,4.67,5.0,5.0,4.67
b3547372-2a77-42a9-b913-224017c861bb,2.33,3.0,3.0,3.33,2.92
ecfb3649-6305-49d0-b4c1-29a036e54000,3.33,4.33,4.67,5.0,4.33
1b9b28db-841b-4e2b-aa03-14a5a02cd3b8,3.67,5.0,5.0,5.0,4.67
1e3f3b00-2ae0-4fe4-a765-5df1e5572ab6,4.0,4.33,5.0,5.0,4.58
c3389339-8208-4283-8b04-cc358ef8177a,4.67,5.0,5.0,5.0,4.92
267ebb00-2461-4df3-82f0-903031dcbfa7,3.33,3.0,3.0,3.0,3.08
8470de08-1e3d-4801-82cc-9545bea38ccf,4.0,4.67,4.67,4.67,4.5
ed76851b-aa85-4b6c-b1f4-43109bf960ef,3.33,3.67,3.33,2.67,3.25
e8d1f3c7-24e7-4914-952b-62ece7a16b11,3.0,4.33,3.33,4.33,3.75
5e5bad74-7af7-49a5-8830-52e8d7d40aa6,3.67,5.0,5.0,5.0,4.67
f81085af-7ea7-4a7f-bda3-fc14eeb59a99,3.0,3.0,3.67,2.33,3.0
c48fdb3c-ec7a-41d8-9a20-56f97cb782e6,4.0,4.33,2.67,4.0,3.75
dad7931f-633f-4224-9c35-0d1b5e6bfe00,3.33,4.0,4.67,4.33,4.08
124236a1-6919-4e0b-bc11-9e706059d196,3.33,3.67,4.33,4.33,3.92
eb386f28-46b6-4ba6-9d3c-ccec40712466,3.67,4.33,3.67,4.33,4.0
a3a5a009-51ab-4fce-b89f-2c8e1ac1673c,3.33,3.0,4.33,3.33,3.5
af06b1d9-895e-4449-a557-f76d65a15fd4,4.0,4.0,5.0,5.0,4.5
a6a6d45d-6e6d-41e1-9e1c-5af051c8ce82,2.67,2.67,3.0,3.33,2.92
5be3455c-5983-438f-b634-1c50774609fb,4.0,4.67,4.67,4.33,4.42
f8a17e69-1371-47e8-9753-182deb8dd47a,4.0,4.0,4.33,4.0,4.08
f84589da-9df4-44ab-b6fe-cca108d90823,4.0,3.67,3.33,4.0,3.75
ea54bc8b-d2a6-410a-95f2-09bbb07d1f31,3.0,3.0,5.0,3.0,3.5
28f55086-5622-4d33-9678-0ccff7835e36,3.67,3.33,4.33,4.67,4.0
802f05c3-87b7-44e5-b334-2ad54f0cfd12,4.33,5.0,5.0,5.0,4.83
b1d5a313-d416-41bb-86ad-03c5ef753d56,4.0,3.33,4.0,4.0,3.83
38d230ef-e50b-48fb-8737-81712fc7193d,1.0,1.0,1.67,1.33,1.25
26246096-6fd4-4191-8329-c05013412210,3.0,4.0,4.33,4.33,3.92
5e3166c0-44f6-47c9-9190-8b3a56b8dd2c,4.33,5.0,3.67,4.67,4.42
aa213350-6b5f-4751-a015-ec007edd497a,4.0,4.33,3.33,4.33,4.0
b603793e-58ae-4fdf-b58b-1e54e919fe0e,3.67,4.67,3.33,5.0,4.17
89e19b0a-fd68-41f2-9b73-0185df581925,3.0,3.0,3.33,4.67,3.5
4a80e593-db83-4335-8eba-2de82cc3589f,1.67,3.33,3.0,2.33,2.58
46ca6d77-32f2-4cbb-a4e2-c4f68d246137,3.0,2.67,3.67,2.33,2.92
624ea4b0-6dd6-45de-b3db-178de5f02dcc,5.0,5.0,5.0,5.0,5.0
1afe8993-eb7a-4750-9c27-b44bd7d7177b,3.0,3.0,3.0,3.0,3.0
2c382993-a45e-454b-afb8-55ba3a0809e3,4.67,5.0,3.67,5.0,4.58
96a599a4-59f7-4523-8bef-00a5518152f0,2.67,2.67,3.33,3.67,3.08
6b6751d8-6752-4c6b-be34-06efe4aa0b0b,3.0,2.33,5.0,5.0,3.83
eca45f9c-96c0-41de-852c-f5fd8090f257,2.0,3.0,5.0,4.0,3.5
389eacfb-74bf-4f2e-b0ae-4527fd5e7185,4.33,4.0,3.67,4.67,4.17
cf7f20b2-0517-4897-93f9-c276ff8f2d5f,4.0,4.33,4.33,5.0,4.42
7dbaec68-7ff1-4f69-9305-52f5fb725ce2,3.33,4.33,5.0,5.0,4.42
d497f4af-1e32-4924-ac0d-ac3f32a021a2,1.67,4.33,5.0,5.0,4.0
ff4ef58c-8a0e-471e-b2ad-9c73ff20eee8,4.33,5.0,5.0,5.0,4.83
37a2d6c7-9fba-44f2-9675-6f305e2b1d40,5.0,5.0,5.0,5.0,5.0
602695c7-589c-4ab5-b78c-535ae4589365,5.0,5.0,3.33,5.0,4.58
14ef9216-d2a0-49f5-bb2a-4c377b52ff66,1.67,2.67,3.67,3.0,2.75
6edd505a-910f-4dc4-b164-af2708e5aa5c,4.0,4.33,4.33,4.67,4.33
e6d668ae-0f50-4df4-86ab-97c864e4c7f2,3.0,2.0,3.0,2.0,2.5
84128b16-54e3-4406-8145-023bc9917fe3,3.0,4.0,4.67,5.0,4.17
9b3b0dea-6ea3-4660-be0f-194bf669f493,4.0,3.67,5.0,5.0,4.42
ba08cb4c-29c0-43d2-b314-2987ab583c10,4.0,4.0,4.67,5.0,4.42
f9912b77-ee0a-45b0-80e0-7f2ec9842613,4.0,4.33,3.33,4.67,4.08
f3d33e47-55f5-477c-9b86-702c3bf31493,3.67,4.67,2.67,4.33,3.84
c51fcea3-172c-45fa-927c-8c8c265daa4f,2.67,4.33,4.67,4.67,4.08
f5874e8a-90f8-4f41-b278-3c754f515de1,4.33,3.67,4.0,4.33,4.08
1e6c8675-ff9a-4d68-bb64-2c81d6565bdc,4.0,5.0,4.33,4.33,4.42
7881b5d2-b433-4951-9499-be31fb2b70f7,4.67,4.67,4.33,4.67,4.58
c78c3672-ea83-4ecd-8422-2899b2750e55,3.0,3.0,3.0,3.0,3.0
b514d3e0-d191-4d7c-bb22-4f783819da2e,3.33,4.33,4.33,4.0,4.0
3c27c9fb-411c-4a63-92a1-81e612a23c20,3.67,4.33,2.33,4.0,3.58
7bef06db-5111-4754-8108-f013f084f3cf,3.67,4.0,4.33,4.67,4.17
5011d48f-28ea-45dc-8087-d008575440bf,3.33,3.33,4.67,5.0,4.08
024fb6e5-0895-4d1f-bb4a-0b1ea07c380b,2.0,2.0,2.33,2.33,2.16
cfdc4240-3ce6-4601-8b2b-7e1b907c0d29,2.67,4.0,4.67,3.67,3.75
b41a9061-8516-4a1c-9623-32ae77e7a00b,3.0,3.0,5.0,4.0,3.75
af642998-b5f5-4926-8c7d-b792c9ee54bd,3.33,3.67,5.0,5.0,4.25
aa98a3c7-a248-439d-88b2-acbeb63f45d5,4.0,4.0,4.0,4.0,4.0
2d4712f8-b7ad-43ad-9161-2a1bd9bbf31e,2.0,2.0,4.67,3.0,2.92
613dfe0b-6ad3-48fa-a460-8b7fb1cdd48c,4.67,5.0,4.67,5.0,4.84
8e1375e2-fafe-43dd-8bc4-20ae42adad19,3.33,4.33,3.0,4.33,3.75
a967eeb9-b21c-405a-bee2-0f137e06ec9e,4.0,3.0,3.33,4.67,3.75
9366866c-2c0f-4126-a889-25f1bc9cecb2,3.67,3.33,4.0,5.0,4.0
e6215b6b-5df6-46b6-9ffe-bb07679cd19d,3.67,4.0,4.0,4.33,4.0
6eb6b324-ac1a-404c-b02e-0705a912f859,5.0,5.0,5.0,5.0,5.0
c7f7067b-be60-438c-a9ce-79a30a314da4,4.0,4.0,4.33,4.0,4.08
4c6fc231-4c4c-405e-9c41-d1710a1ba376,3.67,4.67,5.0,5.0,4.58
0e311de3-5430-4d17-9b40-74d4f3629f95,5.0,4.67,3.67,4.67,4.5
2716d80c-b949-4b30-a87b-abc50cba27c5,1.0,1.0,1.67,1.0,1.17
b8b33c7b-74d8-47fd-8441-681d1576880f,3.33,5.0,4.33,5.0,4.42
ec80c170-1121-47a9-8f87-de04d30e3195,5.0,5.0,4.33,5.0,4.83
ca85c56c-757c-4e62-8a52-bcdf426df13d,3.0,3.33,4.33,4.0,3.66
cc91ce18-6340-4907-9a9c-95ea97ae13b6,2.67,3.0,4.67,4.0,3.58
6f0799a4-b193-45b4-8a40-65b7b2c7201e,2.67,3.0,4.67,3.0,3.34
2e25bc0a-7bca-4387-9468-baa412f00a41,3.67,3.67,4.33,4.0,3.92
084fa33f-a036-4a0f-8989-f56564b7b866,3.0,2.33,2.67,2.67,2.67
f00020f7-4d82-4218-bd0b-8b653075e048,3.33,5.0,5.0,5.0,4.58
8cc747a2-6d3d-422b-8c63-57304cd34f92,3.33,3.67,3.33,3.67,3.5
e401cc87-b074-4fdd-aac1-9c95a2ca2db8,2.0,3.0,3.0,2.33,2.58
efa19ea3-1de1-4f59-8c02-e84cc1404a16,3.0,3.33,2.67,4.0,3.25
bf66c375-ba9e-4f25-9f4a-bc13a4913fd9,2.0,3.0,4.0,3.0,3.0
06f68d4e-3a72-4d99-9a78-0a729528d853,4.33,5.0,5.0,5.0,4.83
cb2a394c-3a93-48cd-8bde-084b761dd6b4,3.33,3.67,4.67,3.67,3.84
05573f3b-c211-4f3a-8d5c-c7a7b9294422,1.0,1.0,1.0,1.0,1.0
8d5932eb-1254-446b-afea-f58523d6f5c6,3.33,3.67,4.33,3.67,3.75
2d06db04-f695-4147-acbe-a6a70206c969,3.0,3.0,5.0,3.67,3.67
b7fa7823-1d6c-44ef-a9d2-cd8b0547b309,5.0,5.0,4.67,5.0,4.92
3d52248c-aece-46a7-81aa-726e28465049,5.0,5.0,5.0,5.0,5.0
3447461f-7258-4487-ba03-1da974d8762c,4.0,3.67,4.0,4.0,3.92
458f6009-1897-4634-95ab-12b0f66af970,5.0,4.67,5.0,5.0,4.92
e9190a4e-55bc-4aa5-aa45-8479a274924a,2.67,3.33,4.0,4.0,3.5
2a2558ec-3be0-4611-9f8a-95a52c35bfbb,2.67,4.33,4.33,4.0,3.83
82dc6279-9142-4df1-8c44-0f97d5ad3ab6,4.0,4.0,3.33,4.0,3.83
e8c37d25-04c0-45bb-9a79-f15aa3212d77,4.0,4.67,4.33,5.0,4.5
1fc774b4-37a3-43e9-b806-5b1ad2361c99,2.67,2.33,3.0,3.33,2.83
181c052d-021a-4209-a14c-169746840c22,1.33,3.0,2.67,2.67,2.42
79afe592-d05d-4d07-b1ae-f8dfebbd003d,4.0,4.0,4.67,4.0,4.17
cbd44c26-6867-43e6-9a3b-00cc57b1c98c,4.33,5.0,4.67,5.0,4.75
70c013a1-d368-40d1-9b27-29dbbda5079e,4.67,5.0,4.33,5.0,4.75
7d701696-772b-4380-a45a-0327f90e4c59,4.0,4.33,5.0,4.33,4.42
e28314fe-b34c-450c-abef-eb9578c8bb9b,3.67,4.33,5.0,4.33,4.33
52f639e2-c3e6-4ae7-b900-61b7b3e776e0,2.33,2.0,3.67,2.67,2.67
2d0cb41b-1ca3-4a24-882d-88a8d56dc5e9,1.0,2.0,3.0,2.0,2.0
951174f3-5b43-4c95-ba71-83d2ed645670,3.67,4.0,5.0,4.67,4.34
f2108f90-21af-4c50-b90d-0ec3c84388c1,3.67,5.0,4.67,5.0,4.58
cf26882f-d93e-4c32-9449-958c5747a6c0,3.67,4.0,4.0,5.0,4.17
1f71aafb-b16d-487c-a705-5eb2af18221c,4.33,5.0,5.0,5.0,4.83
0e3cddf1-9a98-4c8f-b350-0f70542ebf90,3.0,3.67,4.33,3.0,3.5
f0a04839-8b8e-4ee0-a34e-b5b2cf5d3d39,3.67,3.0,4.33,4.0,3.75
c1dacf13-c5c4-4afd-8187-1030da4c78f0,4.33,3.33,3.67,4.33,3.92
ba30c161-aa67-479e-9766-292a03363827,4.33,5.0,4.33,5.0,4.66
3a253211-3fe3-4f0b-ba0c-a460221cf9b8,3.67,3.67,4.67,5.0,4.25
1b351dab-37d3-4c7b-8a16-0c39c0d6a2c3,3.67,4.0,3.33,4.0,3.75
271f7cd0-9f42-40bf-a080-df169059ae54,3.0,3.67,4.0,4.0,3.67
215abb87-c5fe-4116-abf5-2685aad22176,4.0,4.33,5.0,5.0,4.58
61ddf8f3-b703-42d9-8bb0-f85992f78b81,3.0,3.33,3.0,4.33,3.42
e96fdd5e-1e9c-4c90-8ab0-580e9851f46d,2.33,1.33,3.33,2.33,2.33
fa00cfc3-30bb-42a8-988f-26708f26ed0d,4.67,3.67,4.67,5.0,4.5
b7f7c36b-1688-4b5f-82cc-67e421e767b9,2.33,3.33,3.67,3.67,3.25
ca493881-37d6-46bc-ae7a-9e85378e7937,3.67,1.33,2.33,1.0,2.08
79a5eba0-b0f8-42b5-80b4-a4a2cb683c28,2.67,2.67,3.33,3.0,2.92
47c6a15a-ab07-449b-83c8-90bd70f7f451,3.33,4.67,5.0,5.0,4.5
1b8f35e7-05e7-465a-894d-2b0f0ad53e0f,3.67,3.33,4.0,4.0,3.75
9be42bff-a5ff-40ab-b1e1-cca5ef36be1e,2.33,4.33,4.33,4.33,3.83
7328117f-7b48-46d2-ab94-709c10180c55,4.0,3.33,3.0,4.33,3.66
452d8de6-7309-4bef-957d-997d263adba6,3.33,3.0,4.33,3.33,3.5
aff54621-e1d7-4d62-97b1-43ea6a282217,3.67,4.67,4.33,4.0,4.17
ec1c20bd-aba2-4896-802d-fbb753fa0b68,3.0,4.0,3.67,4.0,3.67
51789051-a03c-4012-81c5-a40f7e66fe61,4.33,2.67,4.33,4.33,3.92
83eb738d-c345-4ffa-b74b-3457ad20e0f9,3.67,5.0,5.0,5.0,4.67
3f589fb6-33d2-4058-b1d2-b0f6a4f2101f,4.0,3.67,5.0,4.33,4.25
3d61e880-8db4-46ac-a184-e21a261ff379,3.33,3.0,5.0,3.0,3.58
d946fa53-b6d6-47ca-aacf-9c90fb5ff111,3.33,2.33,4.67,4.67,3.75
2e253957-c483-43bf-8596-3b4c3a424f94,2.0,2.0,2.0,4.33,2.58
f4fada17-95af-4ae0-a003-6be34b305cdf,5.0,5.0,5.0,5.0,5.0
07398040-e908-4514-9ba2-242cd70b73db,3.33,4.33,5.0,5.0,4.42
aa289840-419d-477c-9909-3430f19e4316,3.33,4.0,4.67,4.67,4.17
05bd1f69-9a8e-43c7-a889-9a08ce6b1647,3.33,3.0,3.0,3.0,3.08
afb10af3-221d-4beb-bec1-5723a82a0d05,2.0,4.0,4.33,4.67,3.75
099a949f-f1d0-4b7d-adb6-502ef7141d55,3.67,4.0,4.33,4.0,4.0
21c05866-0683-48b5-a212-22c67186b2c4,4.0,4.33,3.33,5.0,4.16
a6b066e5-e511-4479-a72a-86aeb359db04,3.0,3.67,3.67,3.67,3.5
1015ebe6-39ff-4fb8-832f-3b9563661dea,3.67,5.0,5.0,5.0,4.67
0b45d385-c9d6-4d1b-8b77-5188b6704113,3.67,4.0,4.67,4.33,4.17
11d9ce6a-b4a4-4ff5-b4f4-f1749530685d,2.0,2.67,2.33,2.33,2.33
65c5910f-a8ea-4794-a232-cb1055d6a130,3.67,3.33,3.33,5.0,3.83
da926e04-a73b-4ed3-b00b-81b727c248a6,3.33,4.0,4.0,5.0,4.08
72cb4702-313f-4070-ad32-5e5b4219d391,4.33,4.67,4.67,5.0,4.67
128eefd4-f54f-4f33-9520-813144b48c56,4.0,5.0,5.0,5.0,4.75
3c121f7f-f311-4d3c-a715-bc2d678f763c,3.33,4.0,4.33,5.0,4.16
7c1fb65c-1eb9-43a6-9842-0d7a1542f2e7,2.33,1.67,1.0,1.0,1.5
029909c1-ee8f-4a91-a12b-57fdf8a26c18,2.67,3.0,3.0,3.0,2.92
a4b60386-9442-40e8-b8fb-efea086b3dd2,2.33,4.67,3.0,4.67,3.67
8e4e399a-c8c1-42fe-b9aa-053656f3e2e4,4.67,3.33,4.33,3.0,3.83
df3d1c3a-4559-4a13-9cef-dfa545380c3a,3.0,3.33,4.0,4.0,3.58
6397aa71-0b1d-43ab-a2f9-e4afd2cff3f9,3.0,5.0,5.0,5.0,4.5
fde6fd4c-b95a-400d-b98e-e79e17ec886e,4.33,4.67,5.0,4.67,4.67
c6e5dca2-4768-4027-8062-435fddea3e37,1.0,4.33,5.0,5.0,3.83
77a1448d-7428-4388-933f-0ca66e21d0cc,3.67,5.0,5.0,4.67,4.58
819c4d1f-b451-4423-8095-a371b5e3f811,4.33,3.67,5.0,4.67,4.42
1ca486d4-916b-4aa5-be8d-6f9591039217,3.67,3.67,3.33,4.33,3.75
b44220e3-cc12-442e-b08f-338b56538a17,4.67,4.67,4.0,5.0,4.58
92f95c4f-41a0-4654-abf2-a6155849d63c,3.67,4.0,4.33,4.0,4.0
1bdfbd17-37ec-4989-8abe-4be5642d6759,3.33,4.0,4.67,4.0,4.0
14a6cb25-2358-42ec-88f5-7c3701e3eaff,3.0,5.0,5.0,5.0,4.5
5827645e-d2e1-4ff3-baa7-22bb818018df,4.33,4.67,5.0,5.0,4.75
3562cfcf-d0e9-4448-8d39-5c8173823623,1.0,2.0,3.33,2.33,2.16
c836957f-3aaa-4af2-9fe7-778c31b65e29,4.67,5.0,4.33,5.0,4.75
6272585b-e598-4d76-a54d-dd7eb4415fcc,4.33,5.0,3.67,5.0,4.5
7a559aeb-3cf9-493e-87ab-a82a5844592e,3.33,4.0,4.0,4.67,4.0
0383caa2-4812-4f67-98d3-a63cbc7e413c,3.67,4.0,4.67,4.0,4.08
58c5feec-7fe2-4253-9d8d-52cc8872a5fe,4.33,3.67,4.0,4.67,4.17
997319ae-86c0-4c4e-895c-a446f8dc78e9,3.67,3.67,4.0,4.0,3.84
cf4a8677-283e-4c70-b360-fbf238b7b45e,3.67,5.0,5.0,5.0,4.67
61fda73e-af5a-4170-a84c-eedc6535864c,2.33,3.33,4.0,3.33,3.25
cf8efd5f-ccfb-48c2-9d8c-9c1a1a3fd00e,4.0,3.67,4.0,5.0,4.17
da887999-effb-4ed1-85d6-50566239f171,2.0,2.33,2.67,3.67,2.67
ff3a0d6c-e55f-4f4a-a936-b3d9c56e1c35,3.0,3.67,5.0,3.0,3.67
99dc2f5b-64f2-4cd6-9bf7-ad775a3f069c,4.67,4.0,4.67,5.0,4.58
9d33048f-fb1e-47e6-809f-6f7abe49834e,3.33,3.33,4.67,4.0,3.83
16f13f1d-4c39-461e-a16d-4484d4ac0b0a,4.0,5.0,4.67,5.0,4.67
35f2028d-2fcb-4831-bebc-1828b24985d1,4.33,5.0,5.0,5.0,4.83
bb63f9e2-27fd-447b-8014-4b9362909cf2,3.0,3.0,3.0,4.33,3.33
44ca7d67-2129-410b-bc72-01f027b953a8,2.33,3.67,5.0,2.33,3.33
e1f801d3-91e8-4a01-80d9-e544fd4bb9f9,3.67,4.0,5.0,5.0,4.42
07e45864-3615-49db-9b4c-599384a73639,3.67,3.33,4.33,4.67,4.0
26d3f488-78fb-48da-8b7b-b6b1d57bf502,2.67,4.0,3.33,3.33,3.33
f3823a0b-0a8c-49f0-ab37-e23e87853832,3.0,3.67,4.67,4.67,4.0
975cf12e-b79d-4843-b15b-d6d954e116de,3.67,4.0,5.0,4.67,4.34
6902b7a6-1439-41d1-b19a-ac062b9a9779,5.0,5.0,5.0,5.0,5.0
32309602-6dab-4c56-8983-c9a0850cb484,3.0,4.0,5.0,4.67,4.17
346db4e4-14d4-44aa-9e69-bdb1767a8d92,4.67,4.33,4.0,5.0,4.5
60f1cbdf-1418-4404-be3f-a3cb01d25193,2.67,3.0,3.0,3.0,2.92
2b59433e-0d75-473e-8baa-c2c66b59f0f3,4.67,4.67,4.33,4.33,4.5
c866ef84-49f8-4abe-a65a-e49f7b888811,2.33,2.67,4.0,3.33,3.08
06c83dd4-dc43-4457-8759-889dbd982c54,3.67,4.0,4.33,4.33,4.08
5cf18169-6f6d-4a3e-8867-cffbdcdc5ae2,3.33,3.67,5.0,4.0,4.0
6b45465a-6c35-4baa-9534-a274c9e0c171,3.33,5.0,5.0,5.0,4.58
d24ba0da-8b85-4e38-9fcf-be3096ecc9aa,4.67,4.33,5.0,5.0,4.75
d88636bb-a8b6-4b5c-9afb-888690c6aa0e,4.67,4.33,4.0,5.0,4.5
c79485b0-009c-4067-9ec6-341ae8b4017a,3.33,4.33,4.67,4.33,4.16
7d7e15a4-102f-4362-a1e2-25fb5509a5af,4.0,4.0,2.0,5.0,3.75
41220b52-d5bf-437c-9585-4777f0cbe6c0,4.33,3.33,5.0,5.0,4.42
b3e0105a-657b-4a48-bb92-48916d7d79a0,2.0,3.0,3.67,1.0,2.42
b6397d5c-6de8-4079-9b48-31d218c15cfd,4.0,3.67,4.67,5.0,4.34
eb9e50ff-ee31-4909-94c3-65d348d91c87,3.33,2.67,4.33,3.33,3.42
0cf0a2d9-72df-4d07-9c7a-4d17d626b63c,5.0,5.0,5.0,5.0,5.0
5d5dde8f-a1cb-428e-bb97-f53809d10034,3.67,4.33,3.67,4.67,4.08
614fd513-bc17-424d-8e1b-41ed5040b78d,3.67,3.33,4.33,3.33,3.66
24aa23ce-d666-4508-8169-852fb26456ef,2.0,2.33,3.67,2.67,2.67
11a90604-6ef2-4bd2-aecb-78c65bf42051,1.33,2.0,3.67,2.33,2.33
c984d01f-7104-4181-8073-1bef517b09e2,3.0,3.67,4.67,4.0,3.84
3d67c21e-de79-48b6-a6eb-e981bc887953,4.0,3.67,5.0,5.0,4.42
ae8b2306-5d43-4820-b140-d60617ed9587,4.33,4.0,5.0,4.67,4.5
99d9d670-da4a-429f-bc3d-40c7f9ff0936,1.67,3.33,4.33,3.33,3.16
d755c59d-fada-4e57-a354-1c70703acf61,2.67,4.0,4.0,4.67,3.84
fbcb7c0c-cc3e-4fcd-b377-ccbcd9e3e072,4.33,3.33,3.33,4.0,3.75
1ee5fd42-9d83-4358-a2ce-932c57c4273c,3.67,4.0,4.67,4.0,4.08
e63642c0-4ce5-49b0-ba89-dec044814aa5,2.67,4.33,5.0,4.67,4.17
4dc82e17-7379-4798-97cf-e9f6bfa0e5d4,3.33,4.0,5.0,5.0,4.33
1f9b5166-3aba-46e1-bd5d-90496c428e24,3.67,3.33,5.0,4.0,4.0
4341db6b-74a3-4860-9079-9bfdb001d127,3.0,4.33,5.0,5.0,4.33
30af3766-af9c-41ae-85ce-0e3a0fcedc84,4.67,5.0,5.0,5.0,4.92
4e581ac3-a5e1-4ce8-8a00-e66a80cf35ce,3.0,3.67,4.67,3.33,3.67
d8f48c66-163f-4d07-a0b4-16f68d63a19d,3.67,5.0,3.67,5.0,4.34
8e8f8ef7-7412-465c-bf76-6edb060ebe26,2.67,2.67,2.0,2.67,2.5
78206307-3a53-4e4b-aac4-b6c2bee05387,4.67,4.33,2.67,5.0,4.17
efaada50-956a-417a-bf1f-07b962055767,3.67,4.67,4.67,4.67,4.42
3fedc8a1-b526-44ae-9739-4471b9f1c548,1.67,3.0,4.0,2.33,2.75
7fe3be1b-c46d-4b15-8bbc-edcaba33ded9,5.0,4.67,5.0,5.0,4.92
96f4a73b-e984-4f7b-ad55-5331d9f406ca,4.67,2.33,4.67,4.33,4.0
f248e0aa-78e4-4807-ac98-7e7f6a16532c,4.0,4.0,5.0,4.0,4.25
3e6220a9-9553-421a-bb75-3bf879f7c9b1,3.67,3.67,4.33,4.0,3.92
79248345-4119-468f-af19-eaa559e2a12f,3.67,3.33,4.33,4.0,3.83
cf0d3929-1ff8-4783-b8c4-db49d4edda6c,5.0,4.67,4.0,5.0,4.67
8bd24b47-c1ee-4d71-8105-2a3fd5cfa094,4.33,4.67,4.33,5.0,4.58
3b565595-1b62-4686-83ff-7416693fd1b1,4.0,5.0,4.67,5.0,4.67
2a74a3f8-ed06-4982-84dd-df9858d8cc8e,3.67,4.0,3.67,4.0,3.84
7bcf1fe9-8649-469f-96da-0b04d2eee12d,3.33,3.33,4.0,3.33,3.5
139142bb-8cbf-4ef7-87fa-de2033fa78df,3.0,3.0,3.67,3.0,3.17
ad43f2ec-5d30-43a9-afee-01b7f93e5472,3.67,4.0,4.0,4.0,3.92
e013b70c-120d-4744-85f0-8b90a7a37e1e,2.67,3.67,2.33,4.0,3.17
4dcc2365-db81-403c-b708-6dbb804df755,3.67,3.33,4.33,5.0,4.08
1d89f1b0-920f-46bc-a86f-ad9f1a5acfd4,4.33,4.33,5.0,5.0,4.66
e8ab406a-5766-405f-8df7-6f9e585aa8db,4.67,3.67,4.67,5.0,4.5
6da7feda-5d4e-419d-bba5-99181930b985,4.33,5.0,3.67,4.67,4.42
8c49715c-8769-4e5e-81cc-d8eae20fe14d,2.0,2.67,3.67,2.67,2.75
92aff17d-6d4f-4efb-851e-1f47e18f65e8,4.33,4.0,4.67,4.67,4.42
da31254f-71e8-45c3-bb68-814cbd9bdca2,5.0,5.0,5.0,5.0,5.0
d8ff6875-cc57-4a83-92f6-de3e79e7b182,3.67,2.33,3.0,3.0,3.0
796805fe-6c87-40fe-8dfe-e382ee779a73,3.33,4.0,4.67,4.67,4.17
6ec93c6b-40d6-48a0-af07-3a70555e51fc,3.0,4.67,4.0,4.33,4.0
f1c7eef7-b0e2-48e1-a931-1773fbb78c0d,3.67,3.33,2.33,3.67,3.25
ff68d802-2ada-4703-b31a-8632a99ca967,4.33,4.0,2.0,4.33,3.66
479c81aa-7d3e-4898-a90e-9c680793c0ab,3.0,3.0,3.67,3.0,3.17
979cff05-99bb-43e9-b37b-00afc563892f,4.0,3.0,4.33,4.0,3.83
e377c812-99c2-4cde-ae89-ead1e60f01b4,4.67,4.67,4.67,5.0,4.75
5bddd243-786b-4a16-9b64-cee69771c4f5,3.0,3.0,3.33,2.67,3.0
fc2b00e8-9d6b-4b31-b25c-0ba3c2d77705,1.0,1.0,3.0,1.33,1.58
db7961e2-f4cf-4b7c-bd7b-9b6e71a0d177,1.67,2.33,4.67,4.0,3.17
99a32a4a-ff15-46bb-859b-e10da0b89713,3.33,3.67,3.67,4.0,3.67
4162b4e5-653e-476e-835b-ffb54591a101,4.0,4.0,4.33,3.33,3.92
0ce462c0-a33c-440b-986a-aa652e8f7726,4.0,3.0,5.0,3.0,3.75
4fede265-3d84-4cd4-8812-1195b119e777,4.0,4.33,3.33,4.0,3.92
330fdbd4-e005-476b-8999-d245adc22809,1.67,3.0,3.33,3.0,2.75
d73082e4-ce68-48b2-8e11-1fc9d4e846d5,3.67,3.0,4.0,3.0,3.42
bf314dc2-549d-43d5-9a5d-96b74694e768,1.0,3.0,3.0,3.0,2.5
aac83b03-352c-4c05-99cd-49370174e6e4,3.67,4.33,4.33,4.67,4.25
e1a7fd20-2768-444f-80a9-82aaf860e084,3.67,4.67,5.0,4.67,4.5
dcb98b8d-5c68-405f-aefa-601c217b408a,2.67,3.0,3.33,3.0,3.0
10fe1ed7-ae73-495e-9e9c-c58399e3197d,3.67,3.33,1.67,2.67,2.84
9b1f39c7-d776-420a-b921-e776e0b6319d,1.0,1.67,2.33,2.33,1.83
f18c6061-8f6e-42ff-a019-de3162ee0029,2.67,3.33,4.67,4.0,3.67
924a06d6-7046-4c98-9c48-f8ce0a0f128e,3.0,4.33,3.33,3.67,3.58
526e7964-1d7c-4cd3-b6d1-0c47ae685c16,3.0,4.0,5.0,4.33,4.08
a74fb314-e904-4ddf-b9f5-d3b7bd518bcd,3.67,3.33,4.67,4.33,4.0
4717c3ad-e85d-459a-b2e2-2e502c2ea3b7,4.0,4.33,4.67,5.0,4.5
3300fcc9-7164-42e1-8b02-0d1bb07b12ba,2.33,2.67,2.0,2.33,2.33
e85ecf74-3f12-43fe-9d22-c9b23c364844,4.33,4.67,4.33,5.0,4.58
cecca793-0e7c-46be-8b96-ef0f2c89741f,4.0,4.67,4.0,4.67,4.34
38e15e63-be6e-43e6-b9cc-547168c59c16,5.0,3.67,4.33,4.67,4.42
431f9503-0a0a-4ed2-955c-bd2c122fb3ba,2.0,2.0,1.67,2.0,1.92
80702cb8-cfbe-470e-8c0f-9a4474bedd86,2.0,3.67,2.33,2.67,2.67
63de7ac0-bbcf-4bcc-bd89-3ea3cedc5bab,4.0,2.33,3.67,2.33,3.08
d456eb03-b853-401f-905b-4d2d94145b53,2.67,2.67,3.67,2.67,2.92
fa53e972-9882-4067-919f-d47e659b8958,5.0,5.0,3.33,3.67,4.25
560bf2e9-a333-4cf9-a0e6-628f52a573e7,4.0,4.0,4.33,5.0,4.33
6411237f-258a-49da-82ca-5571c098a475,1.0,2.67,4.0,2.0,2.42
48e3dabd-1a58-484c-882e-47ac45c116e6,4.0,5.0,5.0,5.0,4.75
e9a17358-51bb-4080-8faa-cffb7a534251,4.0,4.0,4.0,4.0,4.0
bafd2d7d-c06e-48f3-8c31-7c4e308c71b4,5.0,5.0,5.0,5.0,5.0
9b2f130f-c92d-4b62-a914-eca326f268b6,4.33,4.67,3.67,5.0,4.42
c3dd1c18-20a5-4247-8969-8ff95c66ab0b,2.33,4.33,4.33,4.0,3.75
115b8582-535f-4585-b162-28f4f4c9e80d,3.33,4.0,4.33,4.67,4.08
feef6f89-06c0-41db-8d9f-b3b0f5c3ff01,5.0,5.0,5.0,5.0,5.0
e717290b-5418-4d5b-8f09-99b11ab1cd1f,4.67,5.0,5.0,5.0,4.92
bb29e44a-a709-4318-8e47-e693efd2114b,4.33,5.0,5.0,5.0,4.83
6d7c9b57-0a7f-4884-972c-8c4eba8f8d13,3.33,4.0,5.0,4.0,4.08
f0ac3c77-697a-41bd-a1e6-7bbbcf84c00b,2.33,3.0,4.33,3.0,3.16
60d7efa7-22c8-4053-bcf7-8afd5a16daf6,4.0,3.67,4.33,4.0,4.0
2a3b82a6-7821-408e-abb2-d835997a9a78,3.33,3.0,3.0,3.0,3.08
c15e6bc8-9998-43ed-a9fe-de40af09f6ba,2.33,3.67,4.33,5.0,3.83
b11d4d1a-e31c-42b6-984f-f68bd9ba9fd4,3.67,3.67,4.0,5.0,4.08
03ba6270-fccd-4a16-9e45-1f0a40a1cce2,3.0,4.33,5.0,5.0,4.33
85069f6f-17a7-4082-89e8-652fc62aef39,4.0,4.33,5.0,5.0,4.58
f89cd242-9c12-44ec-a664-a6aba6735750,3.0,2.33,3.67,3.67,3.17
d66bd11d-4cc2-48f4-8379-f9deefe5757f,4.0,4.67,4.33,4.0,4.25
38bcc375-369b-4258-8714-6fb76ceb9820,4.33,5.0,5.0,5.0,4.83
483b40a0-3713-4eea-92e7-9a3053303013,3.33,3.0,2.33,3.0,2.92
c74e6b9d-4f38-4250-b7ba-25de102c90d2,3.67,3.67,3.67,4.0,3.75
4f4b5ef2-7d1c-4e9b-b37f-66d10d41d366,4.33,4.0,4.33,4.67,4.33
c9d8e435-895f-4500-b4bf-f67174c9c865,4.67,4.0,4.33,4.67,4.42
129142a8-1946-4036-b1f2-bf8b96f9e3dc,2.67,2.67,4.33,4.67,3.58
5e2f9303-f3eb-4d8b-b204-953dbec32524,4.67,4.0,4.67,5.0,4.58
4d3bcbe3-f060-4965-a176-b232c8ec0499,4.0,3.67,5.0,5.0,4.42
549800c5-2a5e-439e-84eb-9db7fac55935,5.0,3.67,3.67,4.67,4.25
7deecb2d-1bf9-46e2-8a3c-c7edf41cacf9,3.67,5.0,4.0,5.0,4.42
c21ab610-3a1c-4fa8-9193-5fe91e78007d,4.33,3.33,3.67,4.67,4.0
74b121ba-ec8c-4df2-a865-e7a0753ec479,3.0,3.33,4.0,3.67,3.5
d46b5cdc-d2b0-49f4-a120-838bd5b8842f,4.33,5.0,5.0,5.0,4.83
85655b0c-e822-4b8b-83a8-610d45dccb94,3.0,3.0,3.67,3.67,3.34
b9f3524c-f355-4e01-9462-4f3e656bda5e,4.0,3.67,5.0,4.67,4.34
8cc2d696-646e-4a00-bc7d-773129c737bf,1.33,4.33,4.33,4.67,3.66
b3d4710a-aef7-4ae6-88ee-29f25c2c9122,5.0,4.33,4.0,5.0,4.58
4f9955b0-2d9c-4eeb-9845-c47b15360cab,3.67,3.0,1.67,4.67,3.25
f82c18a7-5595-4f4e-892c-c7b6f8a595aa,3.67,3.67,4.67,4.33,4.08
7e2dd174-de57-421f-a9f4-43ed0d50f65a,3.67,4.33,5.0,5.0,4.5
23ed4809-9472-4724-a0f4-b68aaa814f6c,4.33,4.33,4.67,5.0,4.58
c3c3ff07-9f63-4167-b113-64af6a53602b,1.33,3.0,3.0,3.0,2.58
d1998726-9d15-4e46-b8de-3814ff81e8c7,4.67,5.0,4.0,4.67,4.58
6ad30336-f33e-450f-ba52-fa8036189ac7,4.67,5.0,5.0,4.67,4.84
081241c7-e254-46a5-b89d-acbf6c9125ee,3.67,4.0,4.67,3.33,3.92
4011f7d5-5abc-4536-8d6c-676e08b90d27,4.0,5.0,4.0,5.0,4.5
82085313-0cf5-4218-9183-9280f768c8cb,3.67,4.0,4.67,4.0,4.08
eae918e5-cfc2-4a92-a6ea-56abf20a243c,3.67,4.0,4.0,4.33,4.0
3dffc0d5-2827-4575-9b3c-693800967721,4.0,4.0,4.0,4.33,4.08
ec70481d-44cf-4a12-94e6-855b16367ea0,3.0,4.0,4.0,4.0,3.75
c40e84d2-9389-46b5-973f-113e64d6a166,2.67,3.67,4.33,4.0,3.67
57b3cc4d-d6be-450b-8d80-2bfb4d4a2cf2,1.33,3.0,4.0,3.33,2.92
12de4c84-e228-4474-b929-592e1f1d3411,3.33,4.0,4.67,4.33,4.08
a44061a2-2ad4-4ac5-86d2-7f283b01cb13,3.67,4.0,5.0,4.0,4.17
cfff69f9-c18f-4682-8cf3-8693c676b723,3.33,3.33,2.67,4.67,3.5
5df74afc-aa7b-42dc-bfc4-e98d156d1b84,4.0,3.33,4.67,4.33,4.08
620f8eee-3d64-4f8f-b389-26570ec33e3f,5.0,5.0,5.0,5.0,5.0
e1a13723-3931-4f0e-9e99-2646db86b8c0,4.67,4.0,5.0,5.0,4.67
43d1247f-28f5-4cff-a6c6-285cd0d47b26,4.33,5.0,2.67,5.0,4.25
058f71ae-1e1a-4dac-b8f9-23f2921baef3,3.67,4.67,4.67,4.67,4.42
320be42a-2307-41be-950a-018c1d7c4c34,4.0,4.67,4.33,5.0,4.5
b5554b39-cc75-4784-9580-76cd8aff6b10,4.67,5.0,4.67,5.0,4.84
694f40f4-231d-453a-81f1-6ebc7b262872,2.0,3.33,2.67,3.0,2.75
029a5235-19a1-4ef6-9eb3-7e67ec58e738,4.33,4.33,4.0,5.0,4.42
483dcfa6-628b-4936-af84-023112ab64b8,3.33,4.67,4.0,4.67,4.17
d161a9fc-fc09-4928-a71c-124cb94722ee,2.67,2.33,3.67,2.67,2.84
a625b818-6e2c-433d-bd37-1112870c449b,5.0,4.0,4.33,5.0,4.58
bcb120c9-6e4b-4cd4-8333-a23f1518aeed,2.0,3.33,3.33,4.0,3.16
a7aa9c37-6c88-4c74-891e-077530cadd29,3.67,4.0,4.67,5.0,4.34
692ace42-b893-4351-ad68-4b1af5a0b882,1.67,3.67,4.33,4.0,3.42
202575f9-265b-4281-8773-106914b26ddd,2.67,3.67,4.33,4.0,3.67
4ae6ffb5-2832-438b-891e-b7a22fb6114f,4.0,4.33,3.33,3.67,3.83
fd4d5d15-fd25-4de7-974c-2f8527bbd156,2.67,4.67,4.0,5.0,4.08
6509dfb9-2fbb-4186-8ff7-cc4a1676a469,4.33,5.0,5.0,5.0,4.83
1d89694c-42cb-4ea6-af76-b90fc3c31098,3.67,5.0,4.67,5.0,4.58
78e0972c-e01d-4873-bf22-1310f21dce04,4.33,4.0,4.67,5.0,4.5
02e46de3-0b13-4425-8a50-0d70bdd7eb89,1.67,3.0,4.33,3.0,3.0
37b9e537-c0c3-4103-91d4-089ee3c00a95,3.33,1.67,2.33,5.0,3.08
41618334-5033-4ee2-b257-f9703e222136,3.67,4.0,4.33,4.33,4.08
c73daea4-c6c3-4130-9ed3-48c5b860cb5f,4.0,3.0,3.0,3.33,3.33
f16c4086-3f44-4852-b28f-008defb47a32,4.33,5.0,2.0,3.33,3.66
6938f9cf-627d-4102-bc52-2d070334ba47,3.33,3.67,5.0,4.33,4.08
f0544cbd-eff7-48f9-b2c0-7d6232b3e023,3.33,3.0,3.67,3.33,3.33
055ae55d-90d6-4957-8c7a-2a7cf9163013,2.33,3.0,3.67,4.0,3.25
56975ef3-14ac-49c0-8f62-1f299fcb19d3,4.33,4.0,4.33,4.0,4.16
66696839-fd8a-4346-a3f3-840c2601eb20,3.33,2.33,4.67,4.0,3.58
52bf4110-0b13-4165-9dc2-4d1a6536ab7d,3.67,4.33,4.67,4.67,4.34
9d52676c-f9ae-47af-8bd1-00c1a158287c,2.33,4.0,5.0,3.33,3.66
95d01a27-bd94-4861-ab08-9f4a2ba33066,3.0,4.33,3.33,4.33,3.75
77a689fd-3337-4133-8133-b271ebbd9e80,3.33,4.33,3.0,5.0,3.92
6c521e99-e0c0-49b5-bf59-bc38d81cfd69,2.67,4.0,5.0,4.33,4.0
00254fa7-1c10-4794-a7ea-756ab59268f8,3.0,4.33,3.67,5.0,4.0
8efe1d7e-3085-48e0-a46e-a741f60b6ede,2.67,4.0,2.67,3.0,3.08
6c32db0a-6d5c-4b9b-80f4-5ea64a39db80,4.0,5.0,4.33,5.0,4.58
89fa9528-2369-4ad3-95c9-de97800ede0a,1.67,4.0,2.67,3.67,3.0
758204bf-e2eb-400b-9127-3e09f35e1af4,2.67,3.0,4.33,3.33,3.33
56d2de13-aecb-4f98-a36b-c68f93b78d2b,2.0,4.0,5.0,4.0,3.75
87e71c4b-2b36-46bd-ab92-0f5f34a1a8b3,1.0,2.33,3.0,1.67,2.0
52d1d977-de18-45de-bf55-cec1bd33a94d,3.67,3.0,4.0,4.0,3.67
88892494-4d09-42f6-aae3-db71d8cb5de9,2.67,3.0,3.0,3.0,2.92
f4d4f847-f957-405d-a1e9-00317ca2e017,4.0,4.33,5.0,5.0,4.58
d4141ef0-32c8-4488-9b29-3f6fc98c5ba8,3.67,4.0,4.67,4.0,4.08
3db6b747-714c-45e5-b3de-34cac20224ff,5.0,5.0,5.0,5.0,5.0
f83f657c-063f-4e9c-8a3b-18bd18703ec1,3.0,2.0,3.33,2.67,2.75
a7aa4f6b-b8b9-47dd-a5e5-7fb217a637e1,4.67,4.33,4.0,5.0,4.5
5a42f446-3f9c-416f-bd11-148e0dfe82c7,1.33,2.33,3.67,1.0,2.08
0e45586a-c966-4741-b55e-1a09c683aa16,4.0,3.0,4.33,4.33,3.92
a261f6a2-c96d-47a4-87aa-2eb0b6ac077b,3.67,4.33,3.0,3.33,3.58
f1e5ee8d-ce19-4631-94d2-f899b8d67277,4.0,3.67,5.0,4.33,4.25
92afb792-dd2f-4fcf-8bd1-903aa8058327,5.0,4.67,4.0,5.0,4.67
9d660b53-4f05-4800-8d70-5b584025ee4c,2.33,2.0,3.0,2.67,2.5
1264791b-0332-420c-939c-03eda6e03e1d,4.0,4.0,4.67,4.33,4.25
cb63a75d-95e3-4059-af13-fe97e8af644b,2.67,3.0,3.0,3.0,2.92
b6da09d5-2a67-428e-9751-571373e6b2e2,1.0,1.0,2.33,1.0,1.33
53f67b05-7d64-41d5-8d09-a7daa89b587d,4.33,3.33,1.67,4.67,3.5
2a2492f0-a824-40cb-8f69-80dfec733621,4.0,4.0,4.0,4.67,4.17
d3959b20-1dc4-44e3-9ad3-9fe05860309c,5.0,5.0,5.0,5.0,5.0
c0a4a2bf-1973-4a75-b54f-28c1b904799a,4.0,3.67,5.0,4.33,4.25
f361295d-1760-42a4-bd7d-c467c994fd01,3.67,3.67,5.0,3.33,3.92
a207cd6c-ea67-4f9b-aaac-bb13a6bdb557,3.0,4.33,4.67,4.33,4.08
81d61262-d091-453b-9019-6437acbf0d26,5.0,4.67,4.67,5.0,4.84
548a700e-6cb1-48b3-b9b7-980e0e82aaf5,3.0,5.0,2.33,4.0,3.58
76cbe9b5-115a-490d-a6d9-0c1203e8bb34,4.0,4.67,4.67,5.0,4.58
42ccc26f-c376-4da3-ac97-281c7f7191b1,3.67,4.67,5.0,5.0,4.58
fe8f1caa-1115-4854-9387-69910f007f28,3.33,4.67,4.0,4.33,4.08
1efb8275-e266-4af1-9920-8d5a72e8de54,3.33,3.0,4.67,3.0,3.5
76b290df-066b-4438-8ba0-341cbafbf5eb,3.33,4.0,4.33,5.0,4.16
1e686fdf-c268-47c3-a1a7-3e6635abb4a2,4.0,3.67,4.33,4.33,4.08
27c00bac-4086-4863-9cb6-c317251d1a6c,4.33,4.0,5.0,5.0,4.58
ee522054-0140-4c1c-ab0b-42efd03838ea,3.33,3.67,3.67,4.0,3.67
c527aade-4026-48fd-9d0c-7ed1edc63c66,4.67,5.0,3.33,5.0,4.5
4498d0f7-f743-4b17-8da4-e93d3941a81f,3.67,3.0,3.0,3.0,3.17
c7571a72-78e2-4cb5-9242-035139bcf006,3.33,3.67,3.67,4.0,3.67
e9d6f60b-cf61-40fa-882b-3fc9bab6dfec,2.33,3.0,4.67,3.0,3.25
5f236320-1a27-4bc5-9863-d7766b51e3cf,4.0,4.0,3.33,4.0,3.83
0f9f09c2-0c1f-4f1f-acb4-c6f1b6db4059,4.0,4.0,4.33,4.0,4.08
0cb3697e-7482-4c70-ab4c-fa4c821d0083,5.0,4.67,4.67,5.0,4.84
d19f52e9-d945-4f32-bb90-0e90357dddb1,3.67,5.0,4.67,4.67,4.5
8d5626c0-1131-4765-820f-cf3ed50a30cc,3.0,4.67,5.0,4.67,4.34
aa15c952-d11e-4759-81ce-1ce5d3f13f3f,1.0,2.0,2.33,3.33,2.16
10bbc492-8725-41d3-8875-f98443402399,3.67,3.0,4.67,3.0,3.58
061703ed-e553-46fc-a91c-f98e4744b5be,4.67,3.67,4.33,4.67,4.34
2cbcd6f4-2518-4ef0-a2ca-3fcb27728a75,4.67,4.33,5.0,4.33,4.58
9f348530-ab78-43a6-930d-6d203b0d0f46,3.67,5.0,5.0,5.0,4.67
b39d92ed-0ae1-47fb-b26f-2e296c33b33b,4.33,4.33,5.0,5.0,4.66
658a507f-80af-453c-aa2c-7356f436783d,4.67,3.0,3.67,3.0,3.58
6c4cb685-9fd0-4a7e-bbfd-0bc234a57279,3.67,4.33,5.0,5.0,4.5
7e732bde-59e9-4ecf-a603-a715aba91693,2.67,4.0,4.0,3.67,3.58
f7c8b4ae-4206-4179-a4d7-1368d79cf39e,3.67,3.33,4.0,4.33,3.83
09f21498-c6e5-46c1-99fd-fb41bbe1470f,4.67,4.33,5.0,5.0,4.75
a3664597-26f0-4d1f-91e2-a54458218886,1.33,1.33,3.67,2.67,2.25
00b61874-00fc-4df8-a648-330c597a52d3,4.67,5.0,5.0,5.0,4.92
4ee7753e-763a-402f-a7d0-787085f9f5ae,4.0,4.0,5.0,4.33,4.33
